celebrity_name,wikipedia_title,instagram_handle,twitter_handle,tiktok_handle,youtube_url,instagram_followers,twitter_followers,tiktok_followers,youtube_subscribers,facebook_url
AJ McLean,AJ McLean,,,,,,,,,
Aaron Carter,Aaron Carter,,,,,,,,,
Adam Carolla,Adam Carolla,,,,,,,,,
Adam Rippon,Adam Rippon,,,,,,,,,
Adrian Peterson,Adrian Peterson,,,,,,,,,
Aiden Turner,Aiden Turner,,,,,,,,,
Albert Reed,Albert Reed,,,,,,,,,
Alek Skarlatos,Alek Skarlatos,,,,,,,,,
Alexa PenaVega,Alexa PenaVega,,,,,,,,,
Alexandra Raisman,Aly Raisman,,,,,,,,,
Alexis Ren,Alexis Ren,,,,,,,,,
Alfonso Ribeiro,Alfonso Ribeiro,,,,,,,,,
Alix Earle,Alix Earle,,,alixearle,https://www.youtube.com/@hotmess,,,8300000.0,,
Ally Brooke,Ally Brooke,,,,,,,,,
Alyson Hannigan,Alyson Hannigan,,,,,,,,,
Amanda Kloots,Amanda Kloots,,,,,,,,,
Amber Riley,Amber Riley,,,,,,,,,
Amber Rose,Amber Rose,,,,,,,,,
Amy Purdy,Amy Purdy,,,,,,,,,
Andy Dick,Andy Dick,,,,,,,,,
Andy Grammer,Andy Grammer,,,,,,,,,
Andy Richter,Andy Richter,,,,,,,,,
Anna Delvey,Anna Delvey,,,,,,,,,
Anne Heche,Anne Heche,,,,,,,,,
Antonio Brown,Antonio Brown,,,,,,,,,
Antonio Sabato Jr.,Antonio Sabàto Jr.,,,,,,,,,
Apolo Anton Ohno,Apolo Ohno,,,,,,,,,
Ariana Madix,Ariana Madix,,,,,,,,,
Arike Ogunbowale,Arike Ogunbowale,,,,,,,,,
Ashley Hamiliton,The Secret Storm,,,,,,,,,
Audrina Patridge,Audrina Patridge,,,,,,,,,
Babyface,Babyface (musician),,,,,,,,,
Barbara Corcoran,Barbara Corcoran,,,,,,,,,
Baron Davis,Baron Davis,,,,,,,,,
Barry Williams,Barry Williams (actor),,,,,,,,,
Belinda Carlisle,Belinda Carlisle,,,,,,,,,
Bethany Mota,Bethany Mota,,,,https://www.youtube.com/@bethanymota,,,,,
Betsey Johnson,Betsey Johnson,,,,,,,,,
Bill Engvall,Bill Engvall,,,,,,,,,
Bill Nye,Bill Nye,,,,,,,,,
Billy Dee Williams,Billy Dee Williams,,,,,,,,,
Billy Ray Cyrus,Billy Ray Cyrus,,,,,,,,,
Bindi Irwin,Bindi Irwin,,,,,,,,,
Bobby Bones,Bobby Bones,,,,,,,,,
Bonner Bolton,Bonner Bolton,,,,,,,,,
Brandy,Brandy,,,,,,,,,
Brant Daugherty,Brant Daugherty,,,,,,,,,
Brian Austin Green,Brian Austin Green,,,,,,,,,
Bristol Palin,Bristol Palin,,,,,,,,,
Brooke Burke,Brooke Burke,,,,,,,,,
Brooks Nader,Brooks Nader,,,,,,,,,
Buzz Aldrin,Buzz Aldrin,,,,,,,,,
Calvin Johnson Jr.,Calvin Johnson,,,,,,,,,
Cameron Mathison,Cameron Mathison,,,,,,,,,
Candace Cameron Bure,Candace Cameron Bure,,,,,,,,,
Carlos PenaVega,Carlos PenaVega,,,,,,,,,
Carole Baskin,Carole Baskin,,,,,,,,,
Carson Kressley,Carson Kressley,,,,,,,,,
Chad Ochocinco,Chad Johnson,,,,,,,,,
Chaka Khan,Chaka Khan,,,,,,,,,
Chandler Kinney,Chandler Kinney,,,,,,,,,
Charity Lawson,The Bachelorette (American TV series) season 20,,,,,,,,,
Charles Oakley,Charles Oakley,,,,,,,,,
Charli D'Amelio,Charli D'Amelio,charlidamelio,,charlidamelio,https://www.youtube.com/channel/UCi3OE-aN09WOcN9d2stCvPg,,,155900000.0,,
Charlie White,Charlie White (figure skater),,,,,,,,,
Charlotte McKinney,Charlotte McKinney,,,,,,,,,
Charo,Charo,,,,,,,,,
Chaz Bono,Chaz Bono,,,,,,,,,
Chelsea Kane,Chelsea Kane,,,,,,,,,
Cheryl Ladd,Cheryl Ladd,,,,,,,,,
Chris Jericho,Chris Jericho,,,,,,,,,
Chris Kattan,Chris Kattan,,,,,,,,,
Chris Mazdzer,Chris Mazdzer,,,,,,,,,
Chris Soules,Chris Soules,,,,,,,,,
Chrishell Stause,Chrishell Stause,,,,,,,,,
Christina Milian,Christina Milian,,,,,,,,,
Christine Chiu,Bling Empire,,,,,,,,,
Chuck Liddell,Chuck Liddell,,,,,,,,,
Chuck Wicks,Chuck Wicks,,,,,,,,,
Chynna Phillips,Chynna Phillips,,,,,,,,,
Cloris Leachman,Cloris Leachman,,,,,,,,,
Clyde Drexler,Clyde Drexler,,,,,,,,,
Cody Linley,Cody Linley,,,,,,,,,
Cody Rigsby,Cody Rigsby,,,,,,,,,
Cody Simpson,Cody Simpson,,,,,,,,,
Corbin Bleu,Corbin Bleu,,,,,,,,,
Corey Feldman,Corey Feldman,,,,,,,,,
Cristian de la Fuente,Cristián de la Fuente,,,,,,,,,
D. L. Hughley,D. L. Hughley,,,,,,,,,
Danelle Umstead,Danelle Umstead,,,,,,,,,
Danica McKellar,Danica McKellar,,,,,,,,,
Daniel Durant,Daniel Durant,,,,,,,,,
Danielle Fishel,Danielle Fishel,,,,,,,,,
Danny Amendola,Danny Amendola,,,,,,,,,
David Alan Grier,David Alan Grier,,,,,,,,,
David Arquette,David Arquette,,,,,,,,,
David Hasselhoff,David Hasselhoff,,,,,,,,,
David Ross,Adin Ross,,,,https://www.youtube.com/@AdinRoss,,,,,
DeMarcus Ware,DeMarcus Ware,,,,,,,,,
Debbie Gibson,Debbie Gibson,,,,,,,,,
Debi Mazar,Debi Mazar,,,,,,,,,
Denise Richards,Denise Richards,,,,,,,,,
Derek Fisher,Derek Fisher,,,,,,,,,
Diana Nyad,Diana Nyad,,,,,,,,,
Donald Driver,Donald Driver,,,,,,,,,
Donny Osmond,Donny Osmond,,,,,,,,,
Dorothy Hamill,Dorothy Hamill,,,,,,,,,
Doug Flutie,Doug Flutie,,,,,,,,,
Drew Carey,Drew Carey,,,,,,,,,
Drew Lachey,Drew Lachey,,,,,,,,,
Drew Scott,Drew Scott,,,,,,,,,
Dwight Howard,Dwight Howard,,,,,,,,,
Dylan Efron,Dylan Efron,,,,,,,,,
Elaine Hendrix,Elaine Hendrix,,,,,,,,,
Elisabetta Canalis,Elisabetta Canalis,,,,,,,,,
Elizabeth Berkley Lauren,Elizabeth Berkley,,,,,,,,,
Emmitt Smith,Emmitt Smith,,,,,,,,,
Eric Roberts,Eric Roberts,,,,,,,,,
Erika Jayne,Erika Jayne,,,,,,,,,
Erin Andrews,Erin Andrews,,,,,,,,,
Evan Lysacek,Evan Lysacek,,,,,,,,,
Evander Holyfield,Evander Holyfield,,,,,,,,,
Evanna Lynch,Evanna Lynch,,,,,,,,,
Florence Henderson,Florence Henderson,,,,,,,,,
Floyd Mayweather Jr.,Floyd Mayweather Jr.,,,,,,,,,
Frankie Muniz,Frankie Muniz,,,,,,,,,
Gabby Windey,Gabby Windey,,,gabbywindey,,,,1100000.0,,
Gary Busey,Gary Busey,,,,,,,,,
Gavin DeGraw,Gavin DeGraw,,,,,,,,,
George Hamilton,George Hamilton (actor),,,,,,,,,
Geraldo Rivera,Geraldo Rivera,,,,,,,,,
Gilles Marini,Gilles Marini,,,,,,,,,
Ginger Zee,Ginger Zee,,,,,,,,,
Giselle Fernandez,Giselle Fernández,,,,,,,,,
Gladys Knight,Gladys Knight,,,,,,,,,
Hannah Brown,Hannah Brown,,,,,,,,,
Harry Hamlin,Harry Hamlin,,,,,,,,,
Harry Jowsey,Harry Jowsey,,,harryjowsey,,,,5000000.0,,
Hayes Grier,Hayes Grier,,,,,,,,,
Heather Mills,Heather Mills,,,,,,,,,
Heather Morris,Heather Morris,,,,,,,,,
Heidi D'Amelio,Charli D'Amelio,charlidamelio,,charlidamelio,https://www.youtube.com/channel/UCi3OE-aN09WOcN9d2stCvPg,,,155900000.0,,
Helio Castroneves,Hélio Castroneves,,,,,,,,,
Hilaria Baldwin,Hilaria Baldwin,,,,,,,,,
Hines Ward,Hines Ward,,,,,,,,,
Holly Madison,Holly Madison,,,,,,,,,
Hope Solo,Hope Solo,,,,,,,,,
Ian Ziering,Ian Ziering,,,,,,,,,
Ilona Maher,Ilona Maher,,,,,,,,,
Iman Shumpert,Iman Shumpert,,,,,,,,,
Ingo Rademacher,Ingo Rademacher,,,,,,,,,
J.R. Martinez,J. R. Martinez,,,,,,,,,
Jack Osbourne,Jack Osbourne,,,,,,,,,
Jack Wagner,Jack Wagner (actor),,,,,,,,,
Jacoby Jones,Jacoby Jones,,,,,,,,,
Jake Pavelka,Jake Pavelka,,,,,,,,,
Jake T. Austin,Jake T. Austin,,,,,,,,,
Jaleel White,Jaleel White,,,,,,,,,
James Hinchcliffe,James Hinchcliffe,,,,,,,,,
James Maslow,James Maslow,,,,,,,,,
James Van Der Beek,James Van Der Beek,,,,,,,,,
Jamie Anderson,Jamie Anderson (snowboarder),,,,,,,,,
Jamie Lynn Spears,Jamie Lynn Spears,,,,,,,,,
Jana Kramer,Jana Kramer,,,,,,,,,
Jane Seymour,Jane Seymour,,,,,,,,,
Janel Parrish,Janel Parrish,,,,,,,,,
Jason Lewis,Jason Lewis (actor),,,,,,,,,
Jason Mraz,Jason Mraz,,,,,,,,,
Jason Taylor,Jason Taylor (American football),,,,,,,,,
Jeannie Mai,Jeannie Mai,,,,,,,,,
Jeffrey Ross,Jeff Ross,,,,,,,,,
Jen Affleck,The Secret Lives of Mormon Wives,,,,,,,,,
Jenn Tran,Jenn Tran,,,,,,,,,
Jennie Finch Daigle,Casey Daigle,,,,,,,,,
Jennie Garth,Jennie Garth,,,,,,,,,
Jennifer Grey,Jennifer Grey,,,,,,,,,
Jerry Rice,Jerry Rice,,,,,,,,,
Jerry Springer,Jerry Springer,,,,,,,,,
Jesse Metcalfe,Jesse Metcalfe,,,,,,,,,
Jessie James Decker,Jessie James Decker,,,,,,,,,
Jimmie Allen,Jimmie Allen,,,,,,,,,
JoJo Siwa,JoJo Siwa,,,,,,,,,
Joanna Krupa,Joanna Krupa,,,,,,,,,
Jodie Sweetin,Jodie Sweetin,,,,,,,,,
Joe Amabile,Joe Amabile,,,,,,,,,
Joey Fatone,Joey Fatone,,,,,,,,,
Joey Graziadei,Joey Graziadei,,,,,,,,,
Joey Lawrence,Joey Lawrence,,,,,,,,,
Joey McIntyre,Joey McIntyre,,,,,,,,,
John O'Hurley,John O'Hurley,,,,,,,,,
John Ratzenberger,John Ratzenberger,,,,,,,,,
John Schneider,John Schneider (screen actor),,,,,,,,,
Johnny Damon,Johnny Damon,,,,,,,,,
Johnny Weir,Johnny Weir,,,,,,,,,
Jonathan Bennett,Jonathan Bennett (actor),,,,,,,,,
Jordan Chiles,Jordan Chiles,,,,,,,,,
Jordan Fisher,Jordan Fisher,,,,,,,,,
Jordin Sparks,Jordin Sparks,,,,,,,,,
Joseph Baena,Joseph Baena,,,,,,,,,
Josh Norman,Josh Norman,,,,,,,,,
Josie Maran,Josie Maran,,,,,,,,,
Juan Pablo Di Pace,Juan Pablo Di Pace,,,,,,,,,
Justina Machado,Justina Machado,,,,,,,,,
Kaitlyn Bristowe,Kaitlyn Bristowe,,,,,,,,,
Karamo Brown,Karamo Brown,,,,,,,,,
Kareem Abdul-Jabbar,Kareem Abdul-Jabbar,,,,,,,,,
Kate Flannery,Kate Flannery,,,,,,,,,
Kate Gosselin,Kate Gosselin,,,,,,,,,
Katherine Jenkins,Katherine Jenkins,,,,,,,,,
Kathy Ireland,Kathy Ireland,,,,,,,,,
Kel Mitchell,Kel Mitchell,,,,,,,,,
Kellie Pickler,Kellie Pickler,,,,,,,,,
Kelly Monaco,Kelly Monaco,,,,,,,,,
Kelly Osbourne,Kelly Osbourne,,,,,,,,,
Kendra Wilkinson,Kendra Wilkinson,,,,,,,,,
Kenny Mayne,Kenny Mayne,,,,,,,,,
Kenya Moore,Kenya Moore,,,,,,,,,
Keyshawn Johnson,Keyshawn Johnson,,,,,,,,,
Kim Fields,Kim Fields,,,,,,,,,
Kim Kardashian,Kim Kardashian,,,,,,,,,
Kim Zolciak-Biermann,Kim Zolciak,,,,,,,,,
Kirstie Alley,Kirstie Alley,,,,,,,,,
Kristi Yamaguchi,Kristi Yamaguchi,,,,,,,,,
Kristin Cavallari,Kristin Cavallari,,,,,,,,,
Kurt Warner,Kurt Warner,,,,,,,,,
Kyle Massey,Kyle Massey,,,,,,,,,
Laila Ali,Laila Ali,,,,,,,,,
Lamar Odom,Lamar Odom,,,,,,,,,
Lance Bass,Lance Bass,,,,,,,,,
Lauren Alaina,Lauren Alaina,,,,,,,,,
Lauren Jauregui,Lauren Jauregui,,,,,,,,,
Laurie Hernandez,Laurie Hernandez,,,,,,,,,
Lawrence Taylor,Lawrence Taylor,,,,,,,,,
Lea Thompson,Lea Thompson,,,,,,,,,
Leah Remini,Leah Remini,,,,https://www.youtube.com/@leahremini,,,,,
Leeza Gibbons,Leeza Gibbons,,,,,,,,,
Lele Pons,Lele Pons,,,,https://www.youtube.com/@LelePons,,,,,
Lil' Kim,Lil' Kim,,,,,,,,,
Lindsey Stirling,Lindsey Stirling,,,,https://www.youtube.com/@lindseystirling,,,,,
Lisa Rinna,Lisa Rinna,,,,,,,,,
Lisa Vanderpump,Lisa Vanderpump,,,,,,,,,
Lolo Jones,Lolo Jones,,,,,,,,,
Louie Vito,Louie Vito,,,,,,,,,
Macy Gray,Macy Gray,,,,,,,,,
Margaret Cho,Margaret Cho,,,,,,,,,
Maria Menounos,Maria Menounos,,,,,,,,,
Marie Osmond,Marie Osmond,,,,,,,,,
Marilu Henner,Marilu Henner,TheRealMarilu,,,,,,,,
Mario,Mario,,,,,,,,,
Mario Lopez,Mario Lopez,,,,,,,,,
Marissa Jaret Winokur,Marissa Jaret Winokur,,,,,,,,,
Mark Cuban,Mark Cuban,,,,,,,,,
Mark Dacascos,Mark Dacascos,,,,,,,,,
Marla Maples,Marla Maples,,,,,,,,,
Marlee Matlin,Marlee Matlin,,,,,,,,,
Martin Kove,Martin Kove,,,,,,,,,
Martina Navratilova,Martina Navratilova,,,,,,,,,
Mary Lou Retton,Mary Lou Retton,,,,,,,,,
Mary Wilson,Mary Wilson,,,,,,,,,
Master P,Master P,,,,,,,,,
Matt James,Matt James,,,,,,,,,
Matt Walsh,Matt Walsh (political commentator),,,,https://www.youtube.com/@MattWalsh,,,,,
Maureen McCormick,Maureen McCormick,,,,,,,,,
Maurice Greene,Maurice Greene (fighter),,,,,,,,,
Mauricio Umansky,Mauricio Umansky,,,,,,,,,
Mel B,Mel B,,,,,,,,,
Melanie C,Melanie C,,,,,,,,,
Melissa Gilbert,Melissa Gilbert,,,,,,,,,
Melissa Joan Hart,Melissa Joan Hart,,,,,,,,,
Melissa Rycroft,Melissa Rycroft,,,,,,,,,
Melora Hardin,Melora Hardin,,,,,,,,,
Meryl Davis,Meryl Davis,,,,,,,,,
Metta World Peace (Ron),Metta Sandiford-Artest,,,,,,,,,
Michael Bolton,Michael Bolton,,,,,,,,,
Michael Irvin,Michael Irvin,,,,,,,,,
Michael Sam,Michael Sam,,,,,,,,,
Michael Waltrip,Michael Waltrip,,,,,,,,,
"Mike ""The Miz"" Mizanin",The Miz,,,,,,,,,
Mike Catherwood,Michael Catherwood,,,,,,,,,
Milo Manheim,Milo Manheim,,,,,,,,,
Mira Sorvino,Mira Sorvino,,,,,,,,,
Mirai Nagasu,Mirai Nagasu,,,,,,,,,
Mischa Barton,Mischa Barton,,,,,,,,,
Misty May-Treanor,Misty May-Treanor,,,,,,,,,
Monica Aldama,Monica Aldama,,,,,,,,,
Monica Seles,Monica Seles,,,,,,,,,
Monique Coleman,Monique Coleman,,,,,,,,,
Mr. T,Mr. T,,,,,,,,,
Mya,Mya (singer),,,,,,,,,
Nancy Grace,Nancy Grace,,,,,,,,,
Nancy Kerrigan,Nancy Kerrigan,,,,,,,,,
Nancy McKeon,Nancy McKeon,,,,,,,,,
Nastia Liukin,Nastia Liukin,,,,,,,,,
Natalie Coughlin,Natalie Coughlin,,,,,,,,,
NeNe Leakes,NeNe Leakes,,,,,,,,,
Nelly,Nelly,,,,,,,,,
Nev Schulman,Nev Schulman,,,,,,,,,
Nick Carter,Nick Carter,,,,,,,,,
Nick Lachey,Nick Lachey,,,,,,,,,
Nick Viall,Nick Viall,,,,,,,,,
"Nicole ""Snooki"" Polizzi",Snooki,,,,,,,,,
Nicole Scherzinger,Nicole Scherzinger,,,,,,,,,
Niecy Nash,Niecy Nash,,,,,,,,,
Nikki Bella,Nikki Bella,,,,,,,,,
Nikki Glaser,Nikki Glaser,,,,,,,,,
Noah Galloway,Noah Galloway,,,,,,,,,
Normani,Normani,,,,,,,,,
Nyle DiMarco,Nyle DiMarco,,,,,,,,,
Olivia Jade,Olivia Jade,,,,https://www.youtube.com/@oliviajadebeauty,,,,,
Paige VanZant,Paige VanZant,,,,,,,,,
Pamela Anderson,Pamela Anderson,,,,,,,,,
Patti LaBelle,Patti LaBelle,,,,,,,,,
Paula Deen,Paula Deen,,,,,,,,,
Paulina Porizkova,Paulina Porizkova,,,,,,,,,
Penn Jillette,Penn Jillette,,,,,,,,,
Petra Nemcova,Petra Němcová,,,,,,,,,
Phaedra Parks,Phaedra Parks,,,,,,,,,
Priscilla Presley,Priscilla Presley,,,,,,,,,
Rachel Hunter,Rachel Hunter,,,,,,,,,
Ralph Macchio,Ralph Macchio,,,,,,,,,
Randy Couture,Randy Couture,,,,,,,,,
Rashad Jennings,Rashad Jennings,,,,,,,,,
Ray Lewis,Ray Lewis,,,,,,,,,
Redfoo,Redfoo,,,,,,,,,
Reginald VelJohnson,Reginald VelJohnson,,,,,,,,,
Rick Fox,Rick Fox,,,,,,,,,
Rick Perry,Rick Perry,,,,,,,,,
Ricki Lake,Ricki Lake,,,,,,,,,
Riker Lynch,Riker Lynch,,,,,,,,,
Rob Kardashian,Rob Kardashian,,,,,,,,,
Robert Herjavec,Robert Herjavec,,,,,,,,,
Robert Irwin,Robert Irwin (conservationist),,,,,,,,,
Rocco DiSpirito,Rocco DiSpirito,,,,,,,,,
Romeo,Romeo,,,,,,,,,
Roshon Fegan,Roshon Fegan,,,,,,,,,
Rumer Willis,Rumer Willis,,,,,,,,,
Ryan Lochte,Ryan Lochte,,,,,,,,,
Sabrina Bryan,Sabrina Bryan,,,,,,,,,
Sadie Robertson,Sadie Robertson,,,,,,,,,
Sailor Brinkley-Cook,Sailor Brinkley Cook,,,,,,,,,
Sam Champion,Sam Champion,,,,,,,,,
Sara Evans,Sara Evans,,,,,,,,,
Sasha Pieterse,Sasha Pieterse,,,,,,,,,
Scott Hoying,Scott Hoying,,,,,,,,,
Sean Avery,Sean Avery,,,,,,,,,
Sean Lowe,Sean Lowe (television personality),,,,,,,,,
Sean Spicer,Sean Spicer,,,,,,,,,
Selma Blair,Selma Blair,,,,,,,,,
Shandi Finnessey,Shandi Finnessey,,,,,,,,,
Shangela,Shangela,,,,,,,,,
Shanna Moakler,Shanna Moakler,,,,,,,,,
Shannen Doherty,Shannen Doherty,,,,,,,,,
Shannon Elizabeth,Shannon Elizabeth,,,,,,,,,
Shawn Johnson,Shawn Johnson East,,,,,,,,,
Sherri Sheperd,Shepherd (name),,,,,,,,,
Simone Biles,Simone Biles,,,,,,,,,
Skai Jackson,Skai Jackson,,,,,,,,,
Stacy Keibler,Stacy Keibler,,,,,,,,,
Stephen Nedoroscik,Stephen Nedoroscik,,,,,,,,,
Steve Guttenberg,Steve Guttenberg,,,,,,,,,
Steve Wozniak,Steve Wozniak,,,,,,,,,
Steve-O,Steve-O,,,,,,,,,
Sugar Ray Leonard,Sugar Ray Leonard,,,,,,,,,
Suni Lee,Sunisa Lee,,,,,,,,,
Susan Lucci,Susan Lucci,,,,,,,,,
Suzanne Somers,Suzanne Somers,,,,,,,,,
Tamar Braxton,Tamar Braxton,,,,,,,,,
Tatum O'Neal,Tatum O'Neal,,,,,,,,,
Tavis Smiley,Tavis Smiley,,,,,,,,,
Ted McGinley,Ted McGinley,,,,,,,,,
Teresa Giudice,Teresa Giudice,,,,,,,,,
Terra Jole,Terra Jolé,,,,,,,,,
Terrell Owens,Terrell Owens,,,,,,,,,
The Situation,Situation,,,,,,,,,
Tia Carrere,Tia Carrere,,,,,,,,,
Tinashe,Tinashe,,,,,,,,,
Tom DeLay,Tom DeLay,,,,,,,,,
Tommy Chong,Tommy Chong,,,,,,,,,
Toni Braxton,Toni Braxton,,,,,,,,,
Tonya Harding,Tonya Harding,,,,,,,,,
Tori Spelling,Tori Spelling,,,,,,,,,
Trevor Donovan,Trevor Donovan,,,,,,,,,
Trista Sutter,Trista Sutter,,,,,,,,,
Tucker Carlson,Tucker Carlson,,,,,,,,,
Ty Murray,Ty Murray,,,,,,,,,
Tyson Beckford,Tyson Beckford,,,,,,,,,
Valerie Harper,Valerie Harper,,,,,,,,,
Vanessa Lachey,Vanessa Lachey,,,,,,,,,
Vanilla Ice,Vanilla Ice,,,,,,,,,
Veron Davis,Juan Sebastián Verón,,,,,,,,,
Victor Espinoza,Victor Espinoza,,,,,,,,,
Victor Ortiz,Victor Ortiz,,,,,,,,,
Victoria Arlen,Victoria Arlen,,,,,,,,,
Vinny Guadagnino,Vinny Guadagnino,,,,,,,,,
Vivica A. Fox,Vivica A. Fox,,,,,,,,,
Von Miller,Von Miller,,,,,,,,,
Wanya Morris,Wanya Morris,,,,,,,,,
Warren Sapp,Warren Sapp,,,,,,,,,
Wayne Brady,Wayne Brady,,,,,,,,,
Wayne Newton,Wayne Newton,,,,,,,,,
Wendy Williams,Wendy Williams,,,,,,,,,
Whitney Leavitt,Whitney Leavitt,,,,,,,,,
Willa Ford,Willa Ford,,,,,,,,,
William Levy,William Levy (actor),,,,,,,,,
Willow Shields,Willow Shields,,,,,,,,,
Wynonna Judd,Wynonna Judd,,,,,,,,,
Xochitl Gomez,Xochitl Gomez,,,,,,,,,
Zendaya,Zendaya,,,,,,,,,
